{
  "losses": [
    49.38313293457031,
    49.21023941040039,
    50.697845458984375,
    47.242637634277344,
    47.38507843017578
  ],
  "metrics": {
    "both": {
      "optimistic": {
        "adjusted_arithmetic_mean_rank": 1.0271281571562207,
        "adjusted_arithmetic_mean_rank_index": -0.02885572139303494,
        "adjusted_geometric_mean_rank_index": -0.07287255022082095,
        "adjusted_hits_at_k": -0.12793985975321298,
        "adjusted_inverse_harmonic_mean_rank": -0.019249697892659706,
        "arithmetic_mean_rank": 17.15625,
        "count": 32.0,
        "geometric_mean_rank": 13.567924671876815,
        "harmonic_mean_rank": 8.687903579876371,
        "hits_at_1": 0.03125,
        "hits_at_10": 0.25,
        "hits_at_3": 0.09375,
        "hits_at_5": 0.09375,
        "inverse_arithmetic_mean_rank": 0.058287795992714025,
        "inverse_geometric_mean_rank": 0.07370323938138969,
        "inverse_harmonic_mean_rank": 0.1151025665519909,
        "inverse_median_rank": 0.06666666666666667,
        "median_absolute_deviation": 9.636914420286413,
        "median_rank": 15.0,
        "standard_deviation": 9.858718777686073,
        "variance": 97.1943359375,
        "z_arithmetic_mean_rank": -0.2680172972876207,
        "z_geometric_mean_rank": -0.457850132173224,
        "z_hits_at_k": -1.0589538431541388,
        "z_inverse_harmonic_mean_rank": -0.5030948060491127
      },
      "pessimistic": {
        "adjusted_arithmetic_mean_rank": 1.0271281571562207,
        "adjusted_arithmetic_mean_rank_index": -0.02885572139303494,
        "adjusted_geometric_mean_rank_index": -0.07287255022082095,
        "adjusted_hits_at_k": -0.12793985975321298,
        "adjusted_inverse_harmonic_mean_rank": -0.019249697892659706,
        "arithmetic_mean_rank": 17.15625,
        "count": 32.0,
        "geometric_mean_rank": 13.567924671876815,
        "harmonic_mean_rank": 8.687903579876371,
        "hits_at_1": 0.03125,
        "hits_at_10": 0.25,
        "hits_at_3": 0.09375,
        "hits_at_5": 0.09375,
        "inverse_arithmetic_mean_rank": 0.058287795992714025,
        "inverse_geometric_mean_rank": 0.07370323938138969,
        "inverse_harmonic_mean_rank": 0.1151025665519909,
        "inverse_median_rank": 0.06666666666666667,
        "median_absolute_deviation": 9.636914420286413,
        "median_rank": 15.0,
        "standard_deviation": 9.858718777686073,
        "variance": 97.1943359375,
        "z_arithmetic_mean_rank": -0.2680172972876207,
        "z_geometric_mean_rank": -0.457850132173224,
        "z_hits_at_k": -1.0589538431541388,
        "z_inverse_harmonic_mean_rank": -0.5030948060491127
      },
      "realistic": {
        "adjusted_arithmetic_mean_rank": 1.0271281571562207,
        "adjusted_arithmetic_mean_rank_index": -0.02885572139303494,
        "adjusted_geometric_mean_rank_index": -0.07287237268412872,
        "adjusted_hits_at_k": -0.12793985975321298,
        "adjusted_inverse_harmonic_mean_rank": -0.019249689049788243,
        "arithmetic_mean_rank": 17.15625,
        "count": 32.0,
        "geometric_mean_rank": 13.567922592163086,
        "harmonic_mean_rank": 8.68790300040016,
        "hits_at_1": 0.03125,
        "hits_at_10": 0.25,
        "hits_at_3": 0.09375,
        "hits_at_5": 0.09375,
        "inverse_arithmetic_mean_rank": 0.05828779563307762,
        "inverse_geometric_mean_rank": 0.07370325177907944,
        "inverse_harmonic_mean_rank": 0.11510257422924042,
        "inverse_median_rank": 0.06666667014360428,
        "median_absolute_deviation": 9.636914420286413,
        "median_rank": 15.0,
        "standard_deviation": 9.858718872070312,
        "variance": 97.1943359375,
        "z_arithmetic_mean_rank": -0.2680172972876207,
        "z_geometric_mean_rank": -0.4578490167299236,
        "z_hits_at_k": -1.0589538431541388,
        "z_inverse_harmonic_mean_rank": -0.503094574938852
      }
    },
    "head": {
      "optimistic": {
        "adjusted_arithmetic_mean_rank": 1.0932754880694144,
        "adjusted_arithmetic_mean_rank_index": -0.10023310023310028,
        "adjusted_geometric_mean_rank_index": -0.06410914927719369,
        "adjusted_hits_at_k": -0.14558816449805412,
        "adjusted_inverse_harmonic_mean_rank": -0.0008930793999238629,
        "arithmetic_mean_rank": 15.75,
        "count": 16.0,
        "geometric_mean_rank": 11.662920740521269,
        "harmonic_mean_rank": 6.697282189155375,
        "hits_at_1": 0.0625,
        "hits_at_10": 0.3125,
        "hits_at_3": 0.125,
        "hits_at_5": 0.125,
        "inverse_arithmetic_mean_rank": 0.06349206349206349,
        "inverse_geometric_mean_rank": 0.08574181564362629,
        "inverse_harmonic_mean_rank": 0.1493142997049247,
        "inverse_median_rank": 0.08333333333333333,
        "median_absolute_deviation": 8.15431220178081,
        "median_rank": 12.0,
        "standard_deviation": 10.22558066810878,
        "variance": 104.5625,
        "z_arithmetic_mean_rank": -0.647391674610601,
        "z_geometric_mean_rank": -0.2898882565856882,
        "z_hits_at_k": -0.7523022072799348,
        "z_inverse_harmonic_mean_rank": -0.015222551524140648
      },
      "pessimistic": {
        "adjusted_arithmetic_mean_rank": 1.0932754880694144,
        "adjusted_arithmetic_mean_rank_index": -0.10023310023310028,
        "adjusted_geometric_mean_rank_index": -0.06410914927719369,
        "adjusted_hits_at_k": -0.14558816449805412,
        "adjusted_inverse_harmonic_mean_rank": -0.0008930793999238629,
        "arithmetic_mean_rank": 15.75,
        "count": 16.0,
        "geometric_mean_rank": 11.662920740521269,
        "harmonic_mean_rank": 6.697282189155375,
        "hits_at_1": 0.0625,
        "hits_at_10": 0.3125,
        "hits_at_3": 0.125,
        "hits_at_5": 0.125,
        "inverse_arithmetic_mean_rank": 0.06349206349206349,
        "inverse_geometric_mean_rank": 0.08574181564362629,
        "inverse_harmonic_mean_rank": 0.1493142997049247,
        "inverse_median_rank": 0.08333333333333333,
        "median_absolute_deviation": 8.15431220178081,
        "median_rank": 12.0,
        "standard_deviation": 10.22558066810878,
        "variance": 104.5625,
        "z_arithmetic_mean_rank": -0.647391674610601,
        "z_geometric_mean_rank": -0.2898882565856882,
        "z_hits_at_k": -0.7523022072799348,
        "z_inverse_harmonic_mean_rank": -0.015222551524140648
      },
      "realistic": {
        "adjusted_arithmetic_mean_rank": 1.0932754880694144,
        "adjusted_arithmetic_mean_rank_index": -0.10023310023310028,
        "adjusted_geometric_mean_rank_index": -0.06410907519393638,
        "adjusted_hits_at_k": -0.14558816449805412,
        "adjusted_inverse_harmonic_mean_rank": -0.0008930799636401865,
        "arithmetic_mean_rank": 15.75,
        "count": 16.0,
        "geometric_mean_rank": 11.662919998168945,
        "harmonic_mean_rank": 6.697282210645516,
        "hits_at_1": 0.0625,
        "hits_at_10": 0.3125,
        "hits_at_3": 0.125,
        "hits_at_5": 0.125,
        "inverse_arithmetic_mean_rank": 0.0634920671582222,
        "inverse_geometric_mean_rank": 0.08574181795120239,
        "inverse_harmonic_mean_rank": 0.1493142992258072,
        "inverse_median_rank": 0.0833333358168602,
        "median_absolute_deviation": 8.15431220178081,
        "median_rank": 12.0,
        "standard_deviation": 10.225580215454102,
        "variance": 104.5625,
        "z_arithmetic_mean_rank": -0.647391674610601,
        "z_geometric_mean_rank": -0.28988792159658683,
        "z_hits_at_k": -0.7523022072799348,
        "z_inverse_harmonic_mean_rank": -0.015222561132693713
      }
    },
    "tail": {
      "optimistic": {
        "adjusted_arithmetic_mean_rank": 0.9769736842105262,
        "adjusted_arithmetic_mean_rank_index": 0.02430555555555558,