{
  "losses": [
    44.27375030517578,
    47.07981872558594,
    46.063621520996094,
    47.1744499206543,
    43.77278137207031
  ],
  "metrics": {
    "both": {
      "optimistic": {
        "adjusted_arithmetic_mean_rank": 0.870388507998694,
        "adjusted_arithmetic_mean_rank_index": 0.13167495854063027,
        "adjusted_geometric_mean_rank_index": 0.10455136991801595,
        "adjusted_hits_at_k": -0.04106773511535723,
        "adjusted_inverse_harmonic_mean_rank": 0.0221597585430476,
        "arithmetic_mean_rank": 55.541666666666664,
        "count": 24.0,
        "geometric_mean_rank": 43.57929006888074,
        "harmonic_mean_rank": 15.571206952687515,
        "hits_at_1": 0.041666666666666664,
        "hits_at_10": 0.041666666666666664,
        "hits_at_3": 0.041666666666666664,
        "hits_at_5": 0.041666666666666664,
        "inverse_arithmetic_mean_rank": 0.018004501125281323,
        "inverse_geometric_mean_rank": 0.022946679453002005,
        "inverse_harmonic_mean_rank": 0.06422109750634358,
        "inverse_median_rank": 0.017241379310344827,
        "median_absolute_deviation": 11.860817748044816,
        "median_rank": 58.0,
        "standard_deviation": 25.93096470545505,
        "variance": 672.4149305555555,
        "z_arithmetic_mean_rank": 1.1056265594498589,
        "z_geometric_mean_rank": 0.5487982743736888,
        "z_hits_at_k": -0.6849567943621501,
        "z_inverse_harmonic_mean_rank": 0.9838775922025129
      },
      "pessimistic": {
        "adjusted_arithmetic_mean_rank": 0.870388507998694,
        "adjusted_arithmetic_mean_rank_index": 0.13167495854063027,
        "adjusted_geometric_mean_rank_index": 0.10455136991801595,
        "adjusted_hits_at_k": -0.04106773511535723,
        "adjusted_inverse_harmonic_mean_rank": 0.0221597585430476,
        "arithmetic_mean_rank": 55.541666666666664,
        "count": 24.0,
        "geometric_mean_rank": 43.57929006888074,
        "harmonic_mean_rank": 15.571206952687515,
        "hits_at_1": 0.041666666666666664,
        "hits_at_10": 0.041666666666666664,
        "hits_at_3": 0.041666666666666664,
        "hits_at_5": 0.041666666666666664,
        "inverse_arithmetic_mean_rank": 0.018004501125281323,
        "inverse_geometric_mean_rank": 0.022946679453002005,
        "inverse_harmonic_mean_rank": 0.06422109750634358,
        "inverse_median_rank": 0.017241379310344827,
        "median_absolute_deviation": 11.860817748044816,
        "median_rank": 58.0,
        "standard_deviation": 25.93096470545505,
        "variance": 672.4149305555555,
        "z_arithmetic_mean_rank": 1.1056265594498589,
        "z_geometric_mean_rank": 0.5487982743736888,
        "z_hits_at_k": -0.6849567943621501,
        "z_inverse_harmonic_mean_rank": 0.9838775922025129
      },
      "realistic": {
        "adjusted_arithmetic_mean_rank": 0.8703885279252878,
        "adjusted_arithmetic_mean_rank_index": 0.13167493829679733,
        "adjusted_geometric_mean_rank_index": 0.10455156372361174,
        "adjusted_hits_at_k": -0.04106773511535723,
        "adjusted_inverse_harmonic_mean_rank": 0.022159760123747686,
        "arithmetic_mean_rank": 55.54166793823242,
        "count": 24.0,
        "geometric_mean_rank": 43.579280853271484,
        "harmonic_mean_rank": 15.57120658591282,
        "hits_at_1": 0.041666666666666664,
        "hits_at_10": 0.041666666666666664,
        "hits_at_3": 0.041666666666666664,
        "hits_at_5": 0.041666666666666664,
        "inverse_arithmetic_mean_rank": 0.01800450123846531,
        "inverse_geometric_mean_rank": 0.022946683689951897,
        "inverse_harmonic_mean_rank": 0.0642210990190506,
        "inverse_median_rank": 0.017241379246115685,
        "median_absolute_deviation": 11.860817748044816,
        "median_rank": 58.0,
        "standard_deviation": 25.930965423583984,
        "variance": 672.4149780273438,
        "z_arithmetic_mean_rank": 1.1056263894697835,
        "z_geometric_mean_rank": 0.5487992916743387,
        "z_hits_at_k": -0.6849567943621501,
        "z_inverse_harmonic_mean_rank": 0.983877662384478
      }
    },
    "head": {
      "optimistic": {
        "adjusted_arithmetic_mean_rank": 0.9393319700068167,
        "adjusted_arithmetic_mean_rank_index": 0.06167706167706166,
        "adjusted_geometric_mean_rank_index": 0.21774586532632223,
        "adjusted_hits_at_k": 0.00016303206569688589,
        "adjusted_inverse_harmonic_mean_rank": 0.06566501158040242,
        "arithmetic_mean_rank": 57.416666666666664,
        "count": 12.0,
        "geometric_mean_rank": 37.203430577314464,
        "harmonic_mean_rank": 9.313538356506738,
        "hits_at_1": 0.08333333333333333,
        "hits_at_10": 0.08333333333333333,
        "hits_at_3": 0.08333333333333333,
        "hits_at_5": 0.08333333333333333,
        "inverse_arithmetic_mean_rank": 0.01741654571843251,
        "inverse_geometric_mean_rank": 0.026879241631274992,
        "inverse_harmonic_mean_rank": 0.10737057836900063,
        "inverse_median_rank": 0.01680672268907563,
        "median_absolute_deviation": 43.73676544591526,
        "median_rank": 59.5,
        "standard_deviation": 33.76254910729079,
        "variance": 1139.9097222222222,
        "z_arithmetic_mean_rank": 0.36566114614522593,
        "z_geometric_mean_rank": 0.8274922845066515,
        "z_hits_at_k": 0.0018757645467040174,
        "z_inverse_harmonic_mean_rank": 2.016985503988878
      },
      "pessimistic": {
        "adjusted_arithmetic_mean_rank": 0.9393319700068167,
        "adjusted_arithmetic_mean_rank_index": 0.06167706167706166,
        "adjusted_geometric_mean_rank_index": 0.21774586532632223,
        "adjusted_hits_at_k": 0.00016303206569688589,
        "adjusted_inverse_harmonic_mean_rank": 0.06566501158040242,
        "arithmetic_mean_rank": 57.416666666666664,
        "count": 12.0,
        "geometric_mean_rank": 37.203430577314464,
        "harmonic_mean_rank": 9.313538356506738,
        "hits_at_1": 0.08333333333333333,
        "hits_at_10": 0.08333333333333333,
        "hits_at_3": 0.08333333333333333,
        "hits_at_5": 0.08333333333333333,
        "inverse_arithmetic_mean_rank": 0.01741654571843251,
        "inverse_geometric_mean_rank": 0.026879241631274992,
        "inverse_harmonic_mean_rank": 0.10737057836900063,
        "inverse_median_rank": 0.01680672268907563,
        "median_absolute_deviation": 43.73676544591526,
        "median_rank": 59.5,
        "standard_deviation": 33.76254910729079,
        "variance": 1139.9097222222222,
        "z_arithmetic_mean_rank": 0.36566114614522593,
        "z_geometric_mean_rank": 0.8274922845066515,
        "z_hits_at_k": 0.0018757645467040174,
        "z_inverse_harmonic_mean_rank": 2.016985503988878
      },
      "realistic": {
        "adjusted_arithmetic_mean_rank": 0.9393319908095284,
        "adjusted_arithmetic_mean_rank_index": 0.06167704052835887,
        "adjusted_geometric_mean_rank_index": 0.2177458740023236,
        "adjusted_hits_at_k": 0.00016303206569688589,
        "adjusted_inverse_harmonic_mean_rank": 0.06566502653256745,
        "arithmetic_mean_rank": 57.41666793823242,
        "count": 12.0,
        "geometric_mean_rank": 37.20343017578125,
        "harmonic_mean_rank": 9.3135371174191,
        "hits_at_1": 0.08333333333333333,
        "hits_at_10": 0.08333333333333333,
        "hits_at_3": 0.08333333333333333,
        "hits_at_5": 0.08333333333333333,
        "inverse_arithmetic_mean_rank": 0.017416546121239662,
        "inverse_geometric_mean_rank": 0.026879241690039635,
        "inverse_harmonic_mean_rank": 0.10737059265375137,
        "inverse_median_rank": 0.016806723549962044,
        "median_absolute_deviation": 43.73676544591526,
        "median_rank": 59.5,
        "standard_deviation": 33.76254653930664,
        "variance": 1139.90966796875,